{"cameraMode":{"drawMode":0,"name":"Shaded","section":"Shading Mode"},"sceneLighting":true,"audioPlay":false,"sceneViewState":{"m_AlwaysRefresh":false,"showFog":true,"showSkybox":true,"showFlares":true,"showImageEffects":true,"showParticleSystems":true,"showVisualEffectGraphs":true,"m_FxEnabled":true},"in2DMode":false,"pivot":{"x":0.38948315382003786,"y":-31.83443832397461,"z":10.519027709960938},"rotation":{"x":-0.5358667373657227,"y":0.00420342804864049,"z":-0.0027946343179792167,"w":-0.844365656375885},"size":27.621776580810548,"orthographic":false}