{"cameraMode":{"drawMode":0,"name":"Shaded","section":"Shading Mode"},"sceneLighting":true,"audioPlay":false,"sceneViewState":{"m_AlwaysRefresh":false,"showFog":true,"showSkybox":true,"showFlares":true,"showImageEffects":true,"showParticleSystems":true,"showVisualEffectGraphs":true,"m_FxEnabled":true},"in2DMode":false,"pivot":{"x":-5.873129844665527,"y":2.258347988128662,"z":6.637680530548096},"rotation":{"x":0.14635209739208222,"y":-0.03916207328438759,"z":0.005794969853013754,"w":0.9884114861488342},"size":4.797140121459961,"orthographic":false}