{"cameraMode":{"drawMode":0,"name":"Shaded","section":"Shading Mode"},"sceneLighting":false,"audioPlay":false,"sceneViewState":{"m_AlwaysRefresh":false,"showFog":true,"showSkybox":false,"showFlares":true,"showImageEffects":true,"showParticleSystems":true,"showVisualEffectGraphs":true,"m_FxEnabled":true},"in2DMode":false,"pivot":{"x":-0.7839317917823792,"y":0.9165375828742981,"z":0.39201536774635317},"rotation":{"x":-0.36772897839546206,"y":-0.0815492793917656,"z":0.03247279301285744,"w":-0.9260407090187073},"size":0.502512514591217,"orthographic":false}