{"cameraMode":{"drawMode":0,"name":"Shaded","section":"Shading Mode"},"sceneLighting":true,"audioPlay":false,"sceneViewState":{"m_AlwaysRefresh":false,"showFog":true,"showSkybox":true,"showFlares":true,"showImageEffects":true,"showParticleSystems":true,"showVisualEffectGraphs":true,"m_FxEnabled":true},"in2DMode":false,"pivot":{"x":55.64397430419922,"y":12.685898780822754,"z":134.48146057128907},"rotation":{"x":-0.0376451276242733,"y":0.19773489236831666,"z":0.007498159073293209,"w":0.9795369505882263},"size":73.36460876464844,"orthographic":false}