{"cameraMode":{"drawMode":0,"name":"Shaded","section":"Shading Mode"},"sceneLighting":true,"audioPlay":false,"sceneViewState":{"m_AlwaysRefresh":false,"showFog":true,"showSkybox":true,"showFlares":true,"showImageEffects":true,"showParticleSystems":true,"showVisualEffectGraphs":true,"m_FxEnabled":true},"in2DMode":false,"pivot":{"x":8.830957412719727,"y":7.5277581214904789,"z":70.6439437866211},"rotation":{"x":-0.12297829240560532,"y":-0.018744707107543947,"z":0.0023695467971265318,"w":-0.9922764301300049},"size":91.24050903320313,"orthographic":false}