{"cameraMode":{"drawMode":0,"name":"Shaded","section":"Shading Mode"},"sceneLighting":false,"audioPlay":false,"sceneViewState":{"m_AlwaysRefresh":false,"showFog":true,"showSkybox":false,"showFlares":true,"showImageEffects":true,"showParticleSystems":true,"showVisualEffectGraphs":true,"m_FxEnabled":true},"in2DMode":false,"pivot":{"x":41.900001525878909,"y":4.537500381469727,"z":-0.1099996566772461},"rotation":{"x":-0.034442272037267688,"y":-0.14401385188102723,"z":0.005008507985621691,"w":-0.9889762997627258},"size":54.392242431640628,"orthographic":false}